<?xml version="1.0" encoding="utf-8" ?>

<component name="LiveIcon" extends="Group" >
  <script type="text/brightscript" uri="pkg:/components/video-overlays/liveIcon/LiveIcon.brs"/>
  <interface>
    <field id = "logoUri" type = "uri" />
    <field id = "logoSize" type = "vector2d" value = "[30, 30]" />
    <field id = "logoOpacity" type = "float" value = "1" />
    <field id = "position" type = "string" value = "topLeft" />
    <field id = "margin" type = "float" value = "10" />
    <field id = "fixedPosition" type = "boolean" value = "false" />
    <field id = "logoTranslation" type = "vector2d" />
    <field id = "videoId" type = "string" />
  </interface>
  <children>
    <Poster id="logo" />
  </children>
</component>