<?xml version="1.0" encoding="utf-8" ?>

<component name="Ticker" extends="Group" >
  <script type="text/brightscript" uri="pkg:/components/video-overlays/Ticker/Ticker.brs"/>
  <interface>
    <function name="setText" />
    <function name="addText" />
    <field id="text" type="string" onChange="setInitialValues"/>
    <field id="scrollSpeed" type="float" value="100" onChange="setSpeed"/>
    <field id="width" type="float" value="1920" onChange="setWidth"/>
    <field id="color" type="color" onChange="setLabelField"/>
    <field id="font" type="node" onChange="setLabelField"/>
    <field id="vertAlign" type="string" onChange="setLabelField"/>
  </interface>
  <children>
    <Label id="label" enableRenderTracking="true" translation="[1920,0]"/>
    <Animation id="animation" easeFunction="linear" duration="10">
        <Vector2dFieldInterpolator id="interpolator" fieldToInterp = "label.translation" key="[0,1]" keyValue="[[1920,0],[-1920,0]]"/>
    </Animation>
  </children>
</component>