<?xml version="1.0" encoding="utf-8" ?>
<component name="NavBarItem" extends="Group">
    <interface>
        <field id="itemContent" type="node" />
        <field id="width" type="float"/>
        <field id="height" type="float"/>
        <field id="index" type="integer"/>
        <field id="gridHasFocus" type="boolean"/>
        <field id="focusPercent" type="float"/>
        <field id="itemHasFocus" type="boolean"/>
    </interface>
    <children>
        <Poster id="poster" />
        <Label id="label" text="Hello World!"/>
    </children>
    <script type="text/brightscript" uri="pkg:/components/examples/NavBarExample/NavBarItem.brs" />
</component>