<?xml version="1.0" encoding="utf-8" ?>

<component name="DisappearingLogo" extends="Group" >
  <script type="text/brightscript" uri="pkg:/components/video-overlays/DisappearingLogo/DisappearingLogo.brs"/>
  <interface>
    <function name="setShowStates" />
    <function name="setFadeStates" />
    <field id = "logoUri" type = "uri" />
    <field id = "logoSize" type = "vector2d" />
    <field id = "logoOpacity" type = "float" value = "1" />
    <field id = "displayTime" type = "float" value = "1" />
    <field id = "fadeTime" type = "float" value = "1" />
    <field id = "position" type = "string" value = "bottomRight" />
    <field id = "margin" type = "float" value = "10" />
    <field id = "fixedPosition" type = "boolean" value = "false" />
    <field id = "logoTranslation" type = "vector2d" />
    <field id = "videoId" type = "string" />
  </interface>
  <children>
    <Poster id="logo" />
    <Animation id = "fadeAnimation" duration = "10" easeFunction = "outQuad" >
      <FloatFieldInterpolator id = "fadeInterpolator" key = "[0, 1]" keyValue = "[1, 0]" fieldToInterp = "logo.opacity" />
    </Animation>
  </children>
</component>